rabi,local detune,phi,global detune
15.799000000000001,-67.80050357989992,0.0,7.111638824492091,