rabi,local detune,phi,global detune
15.799000000000001,-124.9999,0.0,3.829722807902681,