rabi,local detune,phi,global detune
15.799000000000001,-0.04999999999999716,0.0,6.704571802834428,