rabi,local detune,phi,global detune
15.799000000000001,-50.42187500000001,0.0,-11.643446090877157,