rabi,local detune,phi,global detune
15.799000000000001,-124.9999,0.0,-0.049999999999999996,