rabi,local detune,phi,global detune
15.799000000000001,-0.0001,0.0,-7.7291529300819946,